{
  "schema": "tensorguard.artifact.run.v1",
  "run_id": "975e8ed5-322a-4eb9-8d38-b35065749571",
  "timestamp": "2026-01-11T18:05:50.611040",
  "sdk_version": "2.1.0",
  "git_commit": "527fc441f32a5595d8a441dac31b1c32a7162a2f",
  "environment": {
    "os": "Windows",
    "release": "11",
    "python": "3.13.5",
    "processor": "Intel64 Family 6 Model 154 Stepping 3, GenuineIntel"
  },
  "metrics": {
    "privacy_mse": 0.0,
    "robustness_success": null,
    "latency_p50": 10,
    "latency_avg": 10
  },
  "details": {
    "micro": [
      {
        "cpu_usage": 10.5,
        "memory_mb": 512,
        "fhe_ops_per_sec": 100,
        "metrics": {
          "latency_ms": 10
        },
        "test_id": "test_1",
        "timestamp": 1234567890
      }
    ],
    "privacy": [],
    "robustness": {}
  },
  "artifacts_hashes": {
    "report.html": "0e5d991d0008989a34e1fdca92b133bde7cdee7e89ae57029e7a1501cb181923"
  }
}