{
  "schema": "tensorguard.artifact.run.v1",
  "run_id": "a7475d00-32df-4fe9-a2df-20c733c60109",
  "timestamp": "2026-01-02T16:23:35.518686",
  "sdk_version": "2.1.0",
  "git_commit": "4ae0f75411f82a240ded9e9364e8bd9ac6080497",
  "environment": {
    "os": "Windows",
    "release": "11",
    "python": "3.13.5",
    "processor": "Intel64 Family 6 Model 154 Stepping 3, GenuineIntel"
  },
  "metrics": {
    "privacy_mse": 0.0,
    "robustness_success": null,
    "latency_p50": 10,
    "latency_avg": 10.0
  },
  "details": {
    "micro": [
      {
        "cpu_usage": 10.5,
        "memory_mb": 512,
        "fhe_ops_per_sec": 100,
        "metrics": {
          "latency_ms": 10
        },
        "test_id": "test_1",
        "timestamp": 1234567890
      }
    ],
    "privacy": [],
    "robustness": {}
  },
  "artifacts_hashes": {
    "report.html": "2885a22aeb7df804f0e042cab1a61fbb3dfda186752aca8f029faf05004d3a7c"
  }
}