{"agent_id":null,"artifacts":[{"name":"report.json","sha256":"a92d2152bfcb082dd2b68b83a2e1a4a202aa507217529a2db6ef173f486902ac"}],"attestation_id":null,"claims_hash":null,"event_id":"ed3ba005-1e07-4f37-bfd1-40158e7e8fc9","event_type":"BENCH_REPORT_GENERATED","fleet_id":null,"manifest_hash":null,"metrics":{},"payload_hash":null,"policy_hash":null,"recipients_hash":null,"result":{"status":"success"},"subject":{"report_ref":"artifacts\\report.json"},"tenant_id":"default","timestamp":1767342215.484597}