{"agent_id":null,"artifacts":[{"name":"report.json","sha256":"418ba326a70bf7c1fda74e8fb3f4f1c2ce94b6f10f753d2c4b548951e469c771"}],"attestation_id":null,"claims_hash":null,"event_id":"9f51baa3-5406-426d-a9e6-6cddf1758564","event_type":"BENCH_REPORT_GENERATED","fleet_id":null,"manifest_hash":null,"metrics":{},"payload_hash":null,"policy_hash":null,"recipients_hash":null,"result":{"status":"success"},"subject":{"report_ref":"artifacts\\report.json"},"tenant_id":"default","timestamp":1767342215.5404637}