{
  "schema": "tensorguard.artifact.run.v1",
  "run_id": "86b05764-3834-42b0-a4fd-697dd02b73e6",
  "timestamp": "2026-01-01T21:50:51.955363",
  "sdk_version": "2.1.0",
  "git_commit": "0b3f9a0babe8459c95a229b67e26d1531e907735",
  "environment": {
    "os": "Windows",
    "release": "11",
    "python": "3.13.5",
    "processor": "Intel64 Family 6 Model 154 Stepping 3, GenuineIntel"
  },
  "metrics": {
    "privacy_mse": 0.0,
    "robustness_success": false,
    "latency_p50": 9685.498833656311,
    "latency_avg": 246011.84952259064
  },
  "details": {
    "micro": [
      {
        "timestamp": 1767028992.7678115,
        "test_id": "n2he_encrypt",
        "metrics": {
          "tensor_size_mb": 0.1,
          "p50_latency_sec": 8.960551857948303,
          "p95_latency_sec": 11.332988953590391,
          "throughput_mb_sec": 0.010571023097410148
        },
        "system_cpu_percent": 32.4,
        "process_memory_mb": 1655.4921875
      },
      {
        "timestamp": 1767028993.0704055,
        "test_id": "serialization",
        "metrics": {
          "serialize_sec": 0.01000356674194336,
          "deserialize_sec": 0.003939151763916016,
          "package_size_bytes": 1049122
        },
        "system_cpu_percent": 26.0,
        "process_memory_mb": 10.33984375
      },
      {
        "timestamp": 1767029126.013182,
        "test_id": "n2he_encrypt",
        "metrics": {
          "tensor_size_mb": 0.1,
          "p50_latency_sec": 9.685498833656311,
          "p95_latency_sec": 11.728087532520293,
          "throughput_mb_sec": 0.010098778518473213
        },
        "system_cpu_percent": 33.9,
        "process_memory_mb": 1655.8984375
      },
      {
        "timestamp": 1767029126.193688,
        "test_id": "serialization",
        "metrics": {
          "serialize_sec": 0.008141756057739258,
          "deserialize_sec": 0.0051419734954833984,
          "package_size_bytes": 1049122
        },
        "system_cpu_percent": 28.3,
        "process_memory_mb": 10.76953125
      },
      {
        "timestamp": 1767060676.4911816,
        "test_id": "n2he_encrypt",
        "metrics": {
          "tensor_size_mb": 1,
          "p50_latency_sec": 719.3894978761673,
          "p95_latency_sec": 14960.514019930335,
          "throughput_mb_sec": 0.00030457741172456194
        },
        "system_cpu_percent": 12.0,
        "process_memory_mb": 10599.5078125
      },
      {
        "timestamp": 1767060680.1640406,
        "test_id": "serialization",
        "metrics": {
          "serialize_sec": 0.013326644897460938,
          "deserialize_sec": 0.006907463073730469,
          "package_size_bytes": 1049122
        },
        "system_cpu_percent": 20.0,
        "process_memory_mb": 9.953125
      }
    ],
    "privacy": [
      {
        "scenario": "Baseline (No Defense)",
        "metrics": {
          "mse": 0.0,
          "rre": 0.0,
          "simulated_attack_psnr": 90.0
        }
      },
      {
        "scenario": "TG-1 (Sparsify 90%)",
        "metrics": {
          "mse": 0.8915192102224245,
          "rre": 0.9053754887474248,
          "simulated_attack_psnr": 0.49869293836922335
        }
      },
      {
        "scenario": "TG-2 (Clip+Sparse)",
        "metrics": {
          "mse": 0.9383863592931377,
          "rre": 0.9529710621344626,
          "simulated_attack_psnr": 0.2761831343779127
        }
      },
      {
        "scenario": "TG-3 (DP Noise)",
        "metrics": {
          "mse": 0.6481426852200864,
          "rre": 0.6582163274561416,
          "simulated_attack_psnr": 1.8832937527673512
        }
      },
      {
        "scenario": "TG-4 (Full Encryption)",
        "metrics": {
          "mse": 1.199793500594772,
          "rre": 1.2184410773672103,
          "simulated_attack_psnr": -0.7910650535174906
        }
      }
    ],
    "robustness": {
      "total_clients": 5,
      "expected_outliers": [
        "bad_flip",
        "bad_noise"
      ],
      "detected_outliers": [
        "bad_noise"
      ],
      "false_positives": 0,
      "detection_time_sec": 0.00934290885925293,
      "success": false
    }
  },
  "artifacts_hashes": {
    "report.html": "3f737ae3b6d7baafa6f27cf69ab82b9fcbd79dd534c28979cfebb3010e1bd102"
  }
}